feature,importance
social_volume,0.8629123
atr,0.041072458
fud_intensity,0.015444507
sentiment_std,0.01030883
bb_high,0.009978129
ema_26,0.009469629
rsi,0.009019948
sentiment_min,0.008004572
volume_sma,0.0079884045
fomo_intensity,0.0077456776
sentiment_max,0.007555876
bb_low,0.0042521493
ema_12,0.0024664178
sma_20,0.0023748423
macd,0.00064100086
