dataset,rmse,mae,r2
train,0.1461009589050487,0.059703750864999336,0.16352426270011544
test,0.05753651088190775,0.04354977500568814,-0.2810710118429709
