final_balance,sharpe,max_drawdown,total_trades
994.7628409513723,-0.5833350610893782,-0.07611936152886256,14.0
